#FID	IID	SEX	PHENO	study_arm	age_at_baseline
0	sid-455	1	0	affected	79.4
0	sid-589	1	0	affected	66.5
0	sid-487	2	0	affected	89.4
0	sid-690	1	0	affected	79.2
0	sid-734	2	0	affected	62.7
0	sid-302	1	0	affected	68.9
0	sid-53	1	0	affected	85.3
0	sid-205	1	0	affected	74.3
0	sid-803	2	0	affected	69.8
0	sid-654	2	0	affected	61.0
0	sid-540	2	0	affected	70.8
0	sid-685	1	0	affected	76.9
0	sid-382	1	0	affected	60.4
0	sid-116	1	0	affected	58.3
0	sid-226	2	0	affected	81.4
0	sid-475	1	0	affected	74.7
0	sid-485	2	0	affected	85.5
0	sid-140	2	0	affected	55.7
0	sid-6	1	0	affected	65.7
0	sid-550	1	0	affected	68.4
0	sid-200	1	0	affected	58.3
0	sid-253	1	0	affected	89.0
0	sid-437	1	0	affected	76.9
0	sid-596	1	0	affected	82.1
0	sid-672	1	0	affected	72.0
0	sid-767	1	0	affected	67.6
0	sid-462	2	0	affected	70.5
0	sid-646	1	0	affected	80.5
0	sid-407	2	0	affected	60.9
0	sid-182	1	0	affected	62.2
0	sid-632	1	0	affected	72.3
0	sid-292	2	0	affected	78.1
0	sid-463	1	0	affected	83.1
0	sid-575	1	0	affected	82.1
0	sid-115	1	0	affected	83.6
0	sid-96	2	0	affected	70.5
0	sid-444	2	0	affected	80.0
0	sid-599	1	0	affected	84.7
0	sid-104	1	0	affected	62.7
0	sid-792	1	0	affected	88.5
0	sid-406	1	0	affected	66.4
0	sid-163	1	0	affected	82.5
0	sid-727	2	0	affected	70.5
0	sid-351	1	0	affected	80.5
0	sid-348	1	0	affected	66.5
0	sid-574	1	0	affected	75.0
0	sid-27	1	0	affected	76.3
0	sid-785	1	0	affected	74.7
0	sid-426	2	0	affected	84.2
0	sid-409	1	0	affected	83.1
0	sid-522	1	0	affected	68.2
0	sid-365	1	0	affected	89.7
0	sid-614	2	0	affected	85.7
0	sid-443	2	0	affected	82.2
0	sid-543	1	0	affected	71.2
0	sid-68	1	0	affected	75.5
0	sid-748	1	0	affected	62.4
0	sid-29	1	0	affected	62.5
0	sid-504	1	0	affected	70.3
0	sid-472	2	0	affected	65.1
0	sid-230	1	0	affected	82.4
0	sid-345	2	0	affected	73.1
0	sid-567	1	0	affected	72.5
0	sid-167	2	0	affected	86.7
0	sid-51	1	0	affected	68.5
0	sid-350	2	0	affected	73.2
0	sid-754	1	0	affected	69.5
0	sid-190	2	0	affected	75.8
0	sid-212	2	0	affected	77.2
0	sid-15	1	0	affected	68.9
0	sid-805	1	0	affected	82.1
0	sid-419	1	0	affected	87.6
0	sid-81	2	0	affected	81.2
0	sid-311	1	0	affected	75.2
0	sid-648	1	0	affected	77.3
0	sid-421	1	0	affected	68.8
0	sid-661	1	0	affected	76.0
0	sid-493	1	0	affected	75.0
0	sid-229	2	0	affected	71.7
0	sid-325	2	0	affected	79.2
0	sid-779	2	0	affected	75.9
0	sid-158	1	0	affected	84.8
0	sid-118	1	0	affected	87.6
0	sid-418	1	0	affected	56.2
0	sid-544	1	0	affected	78.1
0	sid-507	2	0	affected	86.6
0	sid-461	1	0	affected	64.1
0	sid-473	2	0	affected	82.8
0	sid-299	1	0	affected	67.0
0	sid-441	1	0	affected	77.4
0	sid-541	1	0	affected	73.9
0	sid-626	1	0	affected	81.2
0	sid-770	2	0	affected	67.8
0	sid-749	2	0	affected	86.9
0	sid-234	1	0	affected	63.6
0	sid-796	2	0	affected	65.3
0	sid-286	1	0	affected	71.0
0	sid-464	2	0	affected	57.2
0	sid-676	2	0	affected	82.5
0	sid-174	2	0	affected	83.0
0	sid-338	1	0	affected	55.2
0	sid-337	2	0	affected	78.9
0	sid-179	1	0	affected	86.0
0	sid-217	2	0	affected	56.7
0	sid-47	1	0	affected	86.5
0	sid-680	1	0	affected	67.4
0	sid-608	2	0	affected	73.3
0	sid-208	2	0	affected	75.6
0	sid-774	2	0	affected	59.0
0	sid-590	2	0	affected	77.4
0	sid-469	2	0	affected	81.8
0	sid-56	1	0	affected	75.4
0	sid-72	1	0	affected	82.8
0	sid-375	1	0	affected	64.2
0	sid-649	2	0	affected	88.2
0	sid-643	1	0	affected	77.7
0	sid-582	1	0	affected	72.1
0	sid-28	2	0	affected	71.0
0	sid-743	1	0	affected	63.2
0	sid-74	1	0	affected	87.8
0	sid-757	2	0	affected	73.4
0	sid-98	2	0	affected	70.7
0	sid-356	1	0	affected	58.2
0	sid-665	1	0	affected	60.5
0	sid-573	2	0	affected	56.8
0	sid-152	1	0	affected	71.7
0	sid-658	2	0	affected	73.4
0	sid-268	2	0	affected	67.8
0	sid-349	1	0	affected	89.9
0	sid-634	2	0	affected	84.5
0	sid-387	2	0	affected	82.4
0	sid-712	2	0	affected	78.5
0	sid-389	2	0	affected	63.8
0	sid-280	1	0	affected	89.4
0	sid-629	2	0	affected	67.8
0	sid-216	1	0	affected	69.5
0	sid-209	1	0	affected	79.7
0	sid-134	2	0	affected	87.5
0	sid-465	2	0	affected	78.5
0	sid-670	1	0	affected	79.3
0	sid-31	2	0	affected	69.7
0	sid-623	1	0	affected	59.6
0	sid-702	1	0	affected	68.3
0	sid-388	2	0	affected	89.9
0	sid-86	2	0	affected	84.3
0	sid-788	1	0	affected	69.6
0	sid-738	1	0	affected	72.5
0	sid-445	1	0	affected	65.6
0	sid-424	2	0	affected	83.3
0	sid-70	2	0	affected	60.3
0	sid-393	1	0	affected	67.8
0	sid-213	1	0	affected	86.7
0	sid-50	1	0	affected	87.2
0	sid-316	2	0	affected	55.8
0	sid-380	2	0	affected	76.2
0	sid-75	2	0	affected	70.8
0	sid-698	1	0	affected	75.1
0	sid-587	1	0	affected	59.2
0	sid-52	1	0	affected	56.5
0	sid-523	1	0	affected	70.8
0	sid-272	1	0	affected	85.9
0	sid-347	1	0	affected	87.1
0	sid-281	1	0	affected	89.6
0	sid-275	2	0	affected	62.2
0	sid-412	2	0	affected	80.1
0	sid-259	2	0	affected	60.8
0	sid-557	2	0	affected	60.3
0	sid-723	1	0	affected	68.5
0	sid-722	1	0	affected	87.5
0	sid-42	1	0	affected	86.1
0	sid-683	1	0	affected	83.8
0	sid-605	1	0	affected	88.6
0	sid-168	1	0	affected	82.6
0	sid-584	2	0	affected	56.9
0	sid-480	1	0	affected	89.2
0	sid-326	2	0	affected	75.5
0	sid-46	1	0	affected	81.9
0	sid-150	1	0	affected	78.1
0	sid-251	1	0	affected	64.6
0	sid-735	1	0	affected	76.3
0	sid-391	1	0	affected	76.2
0	sid-509	2	0	affected	72.7
0	sid-91	1	0	affected	62.7
0	sid-324	2	0	affected	62.8
0	sid-35	2	0	affected	59.6
0	sid-131	1	0	affected	73.9
0	sid-33	2	0	affected	55.4
0	sid-728	2	0	affected	78.0
0	sid-775	1	0	affected	66.7
0	sid-687	2	0	affected	86.1
0	sid-38	2	0	affected	81.0
0	sid-270	2	0	affected	74.9
0	sid-16	2	0	affected	82.2
0	sid-772	1	0	affected	56.4
0	sid-269	2	0	affected	61.0
0	sid-497	2	0	affected	62.6
0	sid-536	2	0	affected	83.6
0	sid-630	1	0	affected	81.6
0	sid-560	2	0	affected	83.2
0	sid-100	1	0	affected	83.3
0	sid-505	2	0	affected	76.8
0	sid-371	1	0	affected	66.1
0	sid-807	1	0	affected	79.1
0	sid-323	1	0	affected	87.1
0	sid-553	1	0	affected	59.5
0	sid-679	1	0	affected	56.5
0	sid-279	1	0	affected	79.2
0	sid-716	2	0	affected	62.1
0	sid-146	1	0	affected	55.8
0	sid-9	1	0	affected	75.8
0	sid-499	1	0	affected	74.3
0	sid-746	2	0	affected	58.9
0	sid-112	2	0	affected	56.9
0	sid-691	2	0	affected	66.4
0	sid-177	1	0	affected	89.3
0	sid-83	1	0	affected	60.8
0	sid-71	2	0	affected	69.8
0	sid-135	1	0	affected	60.3
0	sid-565	2	0	affected	59.8
0	sid-60	1	0	affected	74.3
0	sid-669	2	0	affected	70.7
0	sid-13	1	0	affected	80.7
0	sid-490	1	0	affected	57.1
0	sid-761	1	0	affected	65.7
0	sid-78	1	0	affected	83.3
0	sid-160	2	0	affected	58.8
0	sid-433	2	0	affected	71.6
0	sid-67	2	0	affected	71.8
0	sid-739	1	0	affected	59.6
0	sid-384	1	0	affected	58.1
