#FID	IID	y	SEX	age_at_baseline
0	sid-414	95.2206895626295	1	79.6
0	sid-645	94.4915904121042	2	82.6
0	sid-558	87.76747210133003	1	60.6
0	sid-36	76.59934527129394	1	65.0
0	sid-66	87.15211397428762	1	58.0
0	sid-321	54.94415206674262	2	72.3
0	sid-304	61.60792919644462	2	84.4
0	sid-166	105.1804928896663	1	56.5
0	sid-561	66.43087168045645	2	69.0
0	sid-452	70.21485423877162	1	87.0
0	sid-346	59.7896058341157	1	59.2
0	sid-405	66.54919941753954	1	73.5
0	sid-249	89.82565699920839	2	84.9
0	sid-476	56.1996999452458	2	63.3
0	sid-482	96.56208286263563	1	63.7
0	sid-556	60.83745972390385	1	84.1
0	sid-290	102.05638824935076	2	87.0
0	sid-21	79.22575462949737	1	79.1
0	sid-377	96.65815629045149	1	79.2
0	sid-267	77.97970666357409	1	62.0
0	sid-88	68.92565858790958	1	88.7
0	sid-765	60.001343747581	1	74.1
0	sid-440	98.93698940779228	1	88.3
0	sid-488	76.49341498388615	1	56.9
0	sid-362	82.65036788725239	2	55.2
0	sid-720	62.16977901436997	1	79.3
0	sid-77	84.72104289404676	1	71.2
0	sid-519	52.614484294446335	1	66.6
0	sid-99	71.66306771960694	1	88.8
0	sid-211	80.4832375437147	1	86.0
0	sid-32	98.9319845524316	2	88.9
0	sid-114	77.87190953639954	1	83.4
0	sid-428	82.65911747876306	1	80.4
0	sid-559	61.05719911204344	1	67.6
0	sid-245	105.20085536516396	1	69.5
0	sid-260	80.84329128772268	1	80.7
0	sid-185	75.95666189829576	2	62.7
0	sid-359	65.49807922261097	1	57.0
0	sid-385	68.32065998047332	1	75.9
0	sid-173	87.37407669151817	2	67.7
0	sid-732	108.4609718620674	1	57.5
0	sid-192	70.28741901532919	2	67.4
0	sid-666	60.23112693783321	1	82.3
0	sid-63	68.85975042803872	2	75.5
0	sid-62	72.69505248746368	2	66.6
0	sid-273	58.81012068870813	1	72.7
0	sid-232	62.328880465603525	1	86.8
0	sid-306	96.900779409916	1	71.2
0	sid-780	94.88275908885376	2	66.0
0	sid-138	90.05386077327604	1	88.5
0	sid-416	65.70281177869518	2	66.9
0	sid-305	64.78578839922193	1	65.5
0	sid-258	72.05840779368361	1	57.2
0	sid-660	87.76341036587486	2	80.1
0	sid-61	104.03857864626411	1	89.8
0	sid-386	96.53240679898104	1	86.9
0	sid-109	81.95052973325168	1	75.4
0	sid-24	81.83965840335954	2	72.6
0	sid-694	69.92828892798596	1	62.9
0	sid-566	89.26570064989164	1	89.9
0	sid-578	85.91053184561602	2	84.7
0	sid-609	58.66933413041886	1	71.6
0	sid-354	71.62045171734732	2	79.7
0	sid-598	76.49293829284818	1	82.5
0	sid-372	74.45527106559103	1	58.6
0	sid-157	103.51281080108924	1	79.6
0	sid-481	82.43637398916871	1	82.8
0	sid-602	103.10068216774414	1	79.2
0	sid-570	94.42108313979506	2	65.1
0	sid-547	67.15212942285552	2	70.8
0	sid-729	71.80426566559423	2	57.9
0	sid-453	88.55016653586924	2	57.2
0	sid-147	81.43995905259831	1	55.4
0	sid-515	58.17922888824885	2	81.1
0	sid-693	63.35971885330686	2	58.7
0	sid-801	74.3997383139014	1	68.4
0	sid-159	101.81079517071105	1	83.3
0	sid-747	81.68546543559813	2	58.5
0	sid-233	101.71993877415146	2	89.8
0	sid-450	102.07569292656464	2	81.1
0	sid-11	94.6781787366658	2	60.3
0	sid-637	81.94761296820805	1	64.8
0	sid-317	87.55322491876262	1	87.4
0	sid-108	82.66346046230916	1	79.7
0	sid-171	85.05428292410936	2	55.8
0	sid-642	59.44876308803548	2	57.6
0	sid-366	59.98735377710469	2	86.0
0	sid-586	75.57325849035443	2	82.9
0	sid-123	65.09588676337306	1	79.5
0	sid-448	76.15997224572405	1	89.4
0	sid-293	85.75368931487829	1	72.6
0	sid-154	98.414605468563	2	63.9
0	sid-636	91.12676892384692	2	86.1
0	sid-403	56.23702014072747	2	77.3
0	sid-106	89.11229425515243	1	69.1
0	sid-434	65.96231749229243	2	82.1
0	sid-263	65.33274367767913	1	61.4
0	sid-656	96.98583895487408	1	64.9
0	sid-1	91.08051040692466	2	59.4
0	sid-579	76.78874292320079	2	79.9
0	sid-309	101.5979529727726	1	63.1
0	sid-725	80.68433486689119	1	55.6
0	sid-23	96.72846086435833	2	64.3
0	sid-231	89.92180502400798	2	78.3
0	sid-451	74.05242759098013	1	74.5
0	sid-320	104.303563165048	2	76.5
0	sid-121	87.51600064911509	1	69.4
0	sid-502	61.81380559852669	1	73.9
0	sid-358	97.12689171575488	1	61.0
0	sid-442	70.04348898426738	1	60.6
0	sid-607	100.83348201285592	2	62.3
0	sid-799	69.16957519693759	1	59.8
0	sid-674	70.27999823017298	1	77.7
0	sid-695	99.23293366636427	1	59.0
0	sid-740	59.22549164779196	1	59.4
0	sid-43	76.37529001647253	2	75.5
0	sid-332	84.58659874702629	1	88.2
0	sid-742	56.98765739657125	2	85.8
0	sid-161	61.66996023603445	1	64.7
0	sid-124	100.75836661100904	1	74.2
0	sid-545	72.40579993167934	1	55.2
0	sid-789	97.97032564048216	1	67.4
0	sid-625	61.33828308747267	1	81.3
0	sid-54	84.66036312535714	2	83.4
0	sid-136	87.40699375803725	1	65.2
0	sid-546	62.95345277500982	2	67.6
0	sid-576	81.306503386126	2	62.4
0	sid-530	61.62634174876885	1	76.3
0	sid-184	57.96573617816621	1	75.2
0	sid-771	63.98596166240608	1	70.9
0	sid-633	92.32666505461437	1	77.0
0	sid-307	56.68710646370308	1	63.0
0	sid-222	88.20674208572936	2	86.8
0	sid-498	86.60443553842393	1	81.7
0	sid-751	78.82700048512007	1	86.0
0	sid-532	90.89949324005488	2	70.1
0	sid-644	82.95364992080685	2	64.2
0	sid-41	66.4410095432984	1	63.7
0	sid-308	66.3253828447982	1	57.1
0	sid-162	79.56853111081253	1	82.2
0	sid-18	67.1832751813519	2	63.4
0	sid-681	68.02157107930475	1	77.7
0	sid-467	75.48957481077812	1	64.2
0	sid-777	76.80018122977953	1	85.0
0	sid-95	87.29361329443645	1	81.4
0	sid-529	84.01096266552729	1	62.7
0	sid-657	56.09331942687374	1	74.7
0	sid-214	77.96200614039142	1	77.4
0	sid-759	89.57063296825532	2	77.6
0	sid-756	61.84026567412272	2	77.9
0	sid-248	67.56237068899728	1	86.6
0	sid-195	100.68557912359314	2	64.9
0	sid-726	83.63901627166564	1	83.3
0	sid-181	80.82882674260867	2	65.2
0	sid-84	89.58204261911926	2	60.5
0	sid-394	88.16675380741066	1	59.0
0	sid-606	72.83676732993072	1	56.0
0	sid-178	82.71292303505044	1	85.2
0	sid-677	65.15343128094453	1	56.3
0	sid-26	76.83590603120251	1	60.1
0	sid-639	66.30477470651655	2	58.6
0	sid-198	103.40651597896122	1	82.5
0	sid-142	102.90396339798916	1	78.3
0	sid-699	73.54124828510442	2	87.3
0	sid-783	78.77929871888941	2	58.1
0	sid-103	60.866230039543176	1	78.1
0	sid-188	94.72828395924664	1	87.6
0	sid-59	65.94101156347911	1	56.4
0	sid-303	66.26220797774403	1	83.7
0	sid-671	84.54109793946762	1	67.1
0	sid-310	60.269149703448	1	58.1
0	sid-478	63.68688166390855	2	86.9
0	sid-343	68.49331414016197	2	78.3
0	sid-101	76.51925194848111	2	79.4
0	sid-408	99.90067176884143	2	73.2
0	sid-238	54.073179249667525	2	70.7
0	sid-769	90.59406762998783	1	63.6
0	sid-202	92.0441787078732	1	55.9
0	sid-563	88.4699500289982	1	57.0
0	sid-236	66.26775730464966	2	62.6
0	sid-628	64.24474379038945	1	60.8
0	sid-318	83.02901370604499	2	59.9
0	sid-564	74.39229219514043	1	85.3
0	sid-155	55.62758218320411	2	76.0
0	sid-435	83.13787991052631	2	83.4
0	sid-57	66.9715182461315	1	85.8
0	sid-252	103.61082957260848	1	66.1
0	sid-398	92.75329005700156	1	56.1
0	sid-244	94.29364384778542	2	57.8
0	sid-353	90.7254095154086	1	88.8
0	sid-510	93.09054064530272	1	55.6
0	sid-2	93.7010331649912	2	64.6
0	sid-659	94.28027547498336	1	77.1
0	sid-368	71.02345188047882	2	63.7
0	sid-595	93.69894076987772	1	55.7
0	sid-489	105.7812286267163	1	85.8
0	sid-266	65.27378288570772	2	81.1
0	sid-221	79.82042826631935	1	87.6
0	sid-673	80.59469603161473	2	64.5
0	sid-344	88.21015001381954	1	65.2
0	sid-568	60.53000115180633	2	85.0
0	sid-186	62.60011625957594	1	67.0
0	sid-703	91.45937534131149	1	72.7
0	sid-650	76.79599143684214	1	58.2
0	sid-627	61.744621056821785	1	73.4
0	sid-456	88.03853267320599	1	59.1
0	sid-692	96.4216408836015	1	85.1
0	sid-187	75.8061883840179	1	79.1
0	sid-201	82.13856958872408	1	87.2
0	sid-432	74.50013552964924	2	56.0
0	sid-10	82.85408941498991	2	73.5
0	sid-312	63.73864154950834	1	87.2
0	sid-132	100.95305043739604	1	68.5
0	sid-714	78.96913486453876	1	77.8
0	sid-431	93.85915112387332	2	61.3
0	sid-512	62.92188616656871	2	55.7
0	sid-363	101.28848230922544	2	74.7
0	sid-612	80.16364597605771	1	57.6
0	sid-786	63.6932168702459	1	66.6
0	sid-143	90.45807329816296	1	56.1
0	sid-341	100.13109633476007	1	84.1
0	sid-583	60.21021989590944	2	65.1
0	sid-745	89.37387134656181	1	88.8
0	sid-733	73.02677397225881	2	84.3
0	sid-97	106.60278645416489	1	70.4
0	sid-319	96.68181215551031	1	61.2
0	sid-524	85.35380730061279	2	88.8
0	sid-125	65.45674493222484	2	59.6
0	sid-401	83.63205759199286	1	59.6
0	sid-148	98.04444112392984	2	79.0
0	sid-203	90.39498714476468	2	64.1
0	sid-133	65.53956292701119	2	68.8
0	sid-364	78.61154565104857	2	68.8
0	sid-144	90.29007773664344	1	67.3
0	sid-110	66.22037799895284	2	87.0
0	sid-506	96.2846719802036	1	79.4
0	sid-603	64.75709336745756	2	70.8
0	sid-776	92.68361894475136	1	64.4
0	sid-678	103.43269189126906	1	80.5
0	sid-373	92.91633455614009	2	63.1
0	sid-129	76.56271879819504	2	75.6
0	sid-696	92.12194842123806	1	79.0
0	sid-535	72.79303877943676	1	76.3
0	sid-176	81.30751785972565	1	71.6
0	sid-149	90.52362516351845	2	78.6
0	sid-470	96.0848580549293	2	78.0
0	sid-718	62.06211765742483	2	70.9
0	sid-468	99.7436788407542	2	87.4
0	sid-4	71.27211238626533	2	56.7
0	sid-577	65.57645667911345	2	85.5
0	sid-339	97.2069331544993	1	68.9
0	sid-778	71.70324916019585	2	86.8
0	sid-333	63.30272999239321	2	75.2
0	sid-708	60.10745751948399	1	63.0
0	sid-484	75.21691552487246	2	63.1
0	sid-436	77.86013006972856	1	84.6
